Serial No,Terminal,Time,Description,Findings
1,Central Terminal,2025-09-13 12:52,Simulated fire emergency with evacuation and hydrant test.,Evacuation completed in 4 minutes
2,North Terminal,2025-09-13 07:52,Simulated fire emergency with evacuation and hydrant test.,Hydrant pressure within safe limits
3,East Terminal,2025-09-25 14:52,Routine inspection of equipment and documentation.,Minor wear on equipment noted
4,East Terminal,2025-10-06 17:52,Simulated fire emergency with evacuation and hydrant test.,Evacuation completed in 4 minutes
5,South Terminal,2025-10-01 11:52,Emergency medical response simulation with CPR demonstration.,CPR performed correctly
6,Central Terminal,2025-09-19 12:52,Emergency medical response simulation with CPR demonstration.,First aid kits fully stocked
7,North Terminal,2025-10-11 15:52,Routine inspection of equipment and documentation.,Minor wear on equipment noted
8,West Terminal,2025-10-02 12:52,Simulated intruder alert and lockdown procedure.,Staff followed lockdown protocol
9,South Terminal,2025-09-20 13:52,Routine inspection of equipment and documentation.,Documentation up-to-date
10,Central Terminal,2025-10-04 11:52,Routine inspection of equipment and documentation.,Minor wear on equipment noted
11,West Terminal,2025-10-02 14:52,Simulated fire emergency with evacuation and hydrant test.,Evacuation completed in 4 minutes
12,Central Terminal,2025-09-18 05:52,Emergency medical response simulation with CPR demonstration.,First aid kits fully stocked
13,North Terminal,2025-10-08 12:52,Simulated fire emergency with evacuation and hydrant test.,Hydrant pressure within safe limits
14,Central Terminal,2025-10-07 05:52,Emergency medical response simulation with CPR demonstration.,CPR performed correctly
15,North Terminal,2025-09-16 11:52,Routine inspection of equipment and documentation.,Documentation up-to-date
16,Central Terminal,2025-10-10 15:52,Simulated fire emergency with evacuation and hydrant test.,Evacuation completed in 4 minutes
17,North Terminal,2025-09-23 13:52,Emergency medical response simulation with CPR demonstration.,CPR performed correctly
18,Central Terminal,2025-09-27 08:52,Simulated fire emergency with evacuation and hydrant test.,Hydrant pressure within safe limits
19,South Terminal,2025-10-07 10:52,Simulated fire emergency with evacuation and hydrant test.,Evacuation completed in 4 minutes
20,South Terminal,2025-09-22 14:52,Routine inspection of equipment and documentation.,Minor wear on equipment noted
